United States Power Source,Energy Production (Thousand Megawatthours)
All Fuels (Utility-Scale),348128.0
Coal,171660.0
Petroleum Liquids,3073.0
Petroleum Coke,1038.0
Natural Gas,66847.0
Other Gases,275.0
Nuclear,72569.0
Conventional Hydroelectric,22207.0
Other Renewables,10480.0
Wind,6853.0
All Utility-Scale Solar,10.0
Utility-Scale Photovoltaic,6.0
Utility-Scale Thermal,4.0
Geothermal,1312.0
Biomass,2305.0
Hydro-Electric Pumped Storage,-565.0
Other,543.0
All Solar,0.0
Small-Scale Solar Photovoltaic,0.0
All Utility-Scale Solar,10.0
Utility-Scale Photovoltaic,6.0
Utility-Scale Thermal,4.0
All Fuels (Utility-Scale),307994.0
Coal,151461.0
Petroleum Liquids,1156.0
Petroleum Coke,1010.0
Natural Gas,59556.0
Other Gases,247.0
Nuclear,65245.0
Conventional Hydroelectric,20421.0
Other Renewables,8756.0
Wind,5431.0
All Utility-Scale Solar,33.0
Utility-Scale Photovoltaic,11.0
Utility-Scale Thermal,22.0
Geothermal,1159.0
Biomass,2133.0
Hydro-Electric Pumped Storage,-351.0
Other,492.0
All Solar,0.0
Small-Scale Solar Photovoltaic,0.0
All Utility-Scale Solar,33.0
Utility-Scale Photovoltaic,11.0
Utility-Scale Thermal,22.0
All Fuels (Utility-Scale),299571.0
Coal,142665.0
Petroleum Liquids,1202.0
Petroleum Coke,1097.0
Natural Gas,56492.0
Other Gases,275.0
Nuclear,64635.0
Conventional Hydroelectric,20691.0
Other Renewables,12300.0
Wind,8588.0
All Utility-Scale Solar,76.0
Utility-Scale Photovoltaic,21.0
Utility-Scale Thermal,55.0
Geothermal,1307.0
Biomass,2330.0
Hydro-Electric Pumped Storage,-325.0
Other,539.0
All Solar,0.0
Small-Scale Solar Photovoltaic,0.0
All Utility-Scale Solar,76.0
Utility-Scale Photovoltaic,21.0
Utility-Scale Thermal,55.0
All Fuels (Utility-Scale),276121.0
Coal,125615.0
Petroleum Liquids,1151.0
Petroleum Coke,958.0
Natural Gas,58124.0
Other Gases,273.0
Nuclear,57611.0
Conventional Hydroelectric,18898.0
Other Renewables,13286.0
Wind,9763.0
All Utility-Scale Solar,112.0
Utility-Scale Photovoltaic,34.0
Utility-Scale Thermal,78.0
Geothermal,1240.0
Biomass,2171.0
Hydro-Electric Pumped Storage,-335.0
Other,541.0
All Solar,0.0
Small-Scale Solar Photovoltaic,0.0
All Utility-Scale Solar,112.0
Utility-Scale Photovoltaic,34.0
Utility-Scale Thermal,78.0
All Fuels (Utility-Scale),315656.0
Coal,141669.0
Petroleum Liquids,1776.0
Petroleum Coke,1025.0
Natural Gas,66862.0
Other Gases,279.0
Nuclear,66658.0
Conventional Hydroelectric,24903.0
Other Renewables,12349.0
Wind,8696.0
All Utility-Scale Solar,153.0
Utility-Scale Photovoltaic,43.0
Utility-Scale Thermal,110.0
Geothermal,1311.0
Biomass,2189.0
Hydro-Electric Pumped Storage,-441.0
Other,574.0
All Solar,0.0
Small-Scale Solar Photovoltaic,0.0
All Utility-Scale Solar,153.0
Utility-Scale Photovoltaic,43.0
Utility-Scale Thermal,110.0
All Fuels (Utility-Scale),362985.0
Coal,163912.0
Petroleum Liquids,2591.0
Petroleum Coke,1202.0
Natural Gas,85033.0
Other Gases,265.0
Nuclear,68301.0
Conventional Hydroelectric,29711.0
Other Renewables,11851.0
Wind,8048.0
All Utility-Scale Solar,175.0
Utility-Scale Photovoltaic,51.0
Utility-Scale Thermal,124.0
Geothermal,1264.0
Biomass,2364.0
Hydro-Electric Pumped Storage,-472.0
Other,592.0
All Solar,0.0
Small-Scale Solar Photovoltaic,0.0
All Utility-Scale Solar,175.0
Utility-Scale Photovoltaic,51.0
Utility-Scale Thermal,124.0
All Fuels (Utility-Scale),396195.0
Coal,177778.0
Petroleum Liquids,2886.0
Petroleum Coke,1313.0
Natural Gas,106961.0
Other Gases,267.0
Nuclear,71913.0
Conventional Hydroelectric,24405.0
Other Renewables,10637.0
Wind,6723.0
All Utility-Scale Solar,161.0
Utility-Scale Photovoltaic,46.0
Utility-Scale Thermal,114.0
Geothermal,1274.0
Biomass,2480.0
Hydro-Electric Pumped Storage,-557.0
Other,592.0
All Solar,0.0
Small-Scale Solar Photovoltaic,0.0
All Utility-Scale Solar,161.0
Utility-Scale Photovoltaic,46.0
Utility-Scale Thermal,114.0
All Fuels (Utility-Scale),394651.0
Coal,175848.0
Petroleum Liquids,2352.0
Petroleum Coke,1023.0
Natural Gas,112961.0
Other Gases,249.0
Nuclear,71574.0
Conventional Hydroelectric,20019.0
Other Renewables,10624.0
Wind,6685.0
All Utility-Scale Solar,156.0
Utility-Scale Photovoltaic,49.0
Utility-Scale Thermal,107.0
Geothermal,1297.0
Biomass,2487.0
Hydro-Electric Pumped Storage,-600.0
Other,599.0
All Solar,0.0
Small-Scale Solar Photovoltaic,0.0
All Utility-Scale Solar,156.0
Utility-Scale Photovoltaic,49.0
Utility-Scale Thermal,107.0
All Fuels (Utility-Scale),333057.0
Coal,147157.0
Petroleum Liquids,1608.0
Petroleum Coke,1000.0
Natural Gas,85498.0
Other Gases,240.0
Nuclear,69371.0
Conventional Hydroelectric,17188.0
Other Renewables,10832.0
Wind,7104.0
All Utility-Scale Solar,137.0
Utility-Scale Photovoltaic,48.0
Utility-Scale Thermal,89.0
Geothermal,1253.0
Biomass,2338.0
Hydro-Electric Pumped Storage,-421.0
Other,585.0
All Solar,0.0
Small-Scale Solar Photovoltaic,0.0
All Utility-Scale Solar,137.0
Utility-Scale Photovoltaic,48.0
Utility-Scale Thermal,89.0
All Fuels (Utility-Scale),295646.0
Coal,130663.0
Petroleum Liquids,1144.0
Petroleum Coke,893.0
Natural Gas,70876.0
Other Gases,170.0
Nuclear,62751.0
Conventional Hydroelectric,17561.0
Other Renewables,11456.0
Wind,7942.0
All Utility-Scale Solar,75.0
Utility-Scale Photovoltaic,35.0
Utility-Scale Thermal,40.0
Geothermal,1222.0
Biomass,2217.0
Hydro-Electric Pumped Storage,-438.0
Other,569.0
All Solar,0.0
Small-Scale Solar Photovoltaic,0.0
All Utility-Scale Solar,75.0
Utility-Scale Photovoltaic,35.0
Utility-Scale Thermal,40.0
All Fuels (Utility-Scale),293833.0
Coal,133815.0
Petroleum Liquids,1145.0
Petroleum Coke,735.0
Natural Gas,62305.0
Other Gases,219.0
Nuclear,62655.0
Conventional Hydroelectric,19426.0
Other Renewables,13421.0
Wind,9746.0
All Utility-Scale Solar,76.0
Utility-Scale Photovoltaic,43.0
Utility-Scale Thermal,34.0
Geothermal,1252.0
Biomass,2346.0
Hydro-Electric Pumped Storage,-467.0
Other,580.0
All Solar,0.0
Small-Scale Solar Photovoltaic,0.0
All Utility-Scale Solar,76.0
Utility-Scale Photovoltaic,43.0
Utility-Scale Thermal,34.0
All Fuels (Utility-Scale),348549.0
Coal,165494.0
Petroleum Liquids,2292.0
Petroleum Coke,1010.0
Natural Gas,69875.0
Other Gases,208.0
Nuclear,73683.0
Conventional Hydroelectric,23024.0
Other Renewables,12892.0
Wind,9058.0
All Utility-Scale Solar,43.0
Utility-Scale Photovoltaic,31.0
Utility-Scale Thermal,12.0
Geothermal,1330.0
Biomass,2461.0
Hydro-Electric Pumped Storage,-530.0
Other,601.0
All Solar,0.0
Small-Scale Solar Photovoltaic,0.0
All Utility-Scale Solar,43.0
Utility-Scale Photovoltaic,31.0
Utility-Scale Thermal,12.0
All Fuels (Utility-Scale),350001.0
Coal,169390.0
Petroleum Liquids,1798.0
Petroleum Coke,1431.0
Natural Gas,66932.0
Other Gases,243.0
Nuclear,72743.0
Conventional Hydroelectric,25386.0
Other Renewables,12159.0
Wind,8547.0
All Utility-Scale Solar,37.0
Utility-Scale Photovoltaic,31.0
Utility-Scale Thermal,6.0
Geothermal,1347.0
Biomass,2228.0
Hydro-Electric Pumped Storage,-659.0
Other,577.0
All Solar,0.0
Small-Scale Solar Photovoltaic,0.0
All Utility-Scale Solar,37.0
Utility-Scale Photovoltaic,31.0
Utility-Scale Thermal,6.0
All Fuels (Utility-Scale),301632.0
Coal,137082.0
Petroleum Liquids,1139.0
Petroleum Coke,1116.0
Natural Gas,59380.0
Other Gases,207.0
Nuclear,64789.0
Conventional Hydroelectric,23970.0
Other Renewables,13809.0
Wind,10448.0
All Utility-Scale Solar,81.0
Utility-Scale Photovoltaic,42.0
Utility-Scale Thermal,39.0
Geothermal,1215.0
Biomass,2066.0
Hydro-Electric Pumped Storage,-413.0
Other,552.0
All Solar,0.0
Small-Scale Solar Photovoltaic,0.0
All Utility-Scale Solar,81.0
Utility-Scale Photovoltaic,42.0
Utility-Scale Thermal,39.0
All Fuels (Utility-Scale),306808.0
Coal,133584.0
Petroleum Liquids,1211.0
Petroleum Coke,1315.0
Natural Gas,59362.0
Other Gases,252.0
Nuclear,65662.0
Conventional Hydroelectric,30945.0
Other Renewables,14190.0
Wind,10540.0
All Utility-Scale Solar,116.0
Utility-Scale Photovoltaic,59.0
Utility-Scale Thermal,58.0
Geothermal,1337.0
Biomass,2196.0
Hydro-Electric Pumped Storage,-349.0
Other,638.0
All Solar,0.0
Small-Scale Solar Photovoltaic,0.0
All Utility-Scale Solar,116.0
Utility-Scale Photovoltaic,59.0
Utility-Scale Thermal,58.0
All Fuels (Utility-Scale),290519.0
Coal,123272.0
Petroleum Liquids,1399.0
Petroleum Coke,858.0
Natural Gas,63257.0
Other Gases,244.0
Nuclear,54547.0
Conventional Hydroelectric,31008.0
Other Renewables,15767.0
Wind,12417.0
All Utility-Scale Solar,155.0
Utility-Scale Photovoltaic,72.0
Utility-Scale Thermal,84.0
Geothermal,1239.0
Biomass,1956.0
Hydro-Electric Pumped Storage,-466.0
Other,634.0
All Solar,0.0
Small-Scale Solar Photovoltaic,0.0
All Utility-Scale Solar,155.0
Utility-Scale Photovoltaic,72.0
Utility-Scale Thermal,84.0
All Fuels (Utility-Scale),311403.0
Coal,135820.0
Petroleum Liquids,1304.0
Petroleum Coke,914.0
Natural Gas,68175.0
Other Gases,242.0
Nuclear,57013.0
Conventional Hydroelectric,32386.0
Other Renewables,15321.0
Wind,11767.0
All Utility-Scale Solar,181.0
Utility-Scale Photovoltaic,80.0
Utility-Scale Thermal,100.0
Geothermal,1318.0
Biomass,2056.0
Hydro-Electric Pumped Storage,-417.0
Other,645.0
All Solar,0.0
Small-Scale Solar Photovoltaic,0.0
All Utility-Scale Solar,181.0
Utility-Scale Photovoltaic,80.0
Utility-Scale Thermal,100.0
All Fuels (Utility-Scale),354929.0
Coal,156716.0
Petroleum Liquids,1323.0
Petroleum Coke,1115.0
Natural Gas,83426.0
Other Gases,259.0
Nuclear,65270.0
Conventional Hydroelectric,31999.0
Other Renewables,14706.0
Wind,10981.0
All Utility-Scale Solar,210.0
Utility-Scale Photovoltaic,85.0
Utility-Scale Thermal,125.0
Geothermal,1215.0
Biomass,2300.0
Hydro-Electric Pumped Storage,-567.0
Other,681.0
All Solar,0.0
Small-Scale Solar Photovoltaic,0.0
All Utility-Scale Solar,210.0
Utility-Scale Photovoltaic,85.0
Utility-Scale Thermal,125.0
All Fuels (Utility-Scale),404802.0
Coal,175129.0
Petroleum Liquids,1664.0
Petroleum Coke,1342.0
Natural Gas,111502.0
Other Gases,262.0
Nuclear,72345.0
Conventional Hydroelectric,31173.0
Other Renewables,11397.0
Wind,7486.0
All Utility-Scale Solar,181.0
Utility-Scale Photovoltaic,78.0
Utility-Scale Thermal,103.0
Geothermal,1269.0
Biomass,2461.0
Hydro-Electric Pumped Storage,-708.0
Other,695.0
All Solar,0.0
Small-Scale Solar Photovoltaic,0.0
All Utility-Scale Solar,181.0
Utility-Scale Photovoltaic,78.0
Utility-Scale Thermal,103.0
All Fuels (Utility-Scale),392441.0
Coal,169798.0
Petroleum Liquids,1244.0
Petroleum Coke,1206.0
Natural Gas,111540.0
Other Gases,264.0
Nuclear,71339.0
Conventional Hydroelectric,25666.0
Other Renewables,11408.0
Wind,7471.0
All Utility-Scale Solar,218.0
Utility-Scale Photovoltaic,109.0
Utility-Scale Thermal,109.0
Geothermal,1275.0
Biomass,2445.0
Hydro-Electric Pumped Storage,-692.0
Other,669.0
All Solar,0.0
Small-Scale Solar Photovoltaic,0.0
All Utility-Scale Solar,218.0
Utility-Scale Photovoltaic,109.0
Utility-Scale Thermal,109.0
All Fuels (Utility-Scale),325113.0
Coal,139648.0
Petroleum Liquids,1066.0
Petroleum Coke,1206.0
Natural Gas,84300.0
Other Gases,252.0
Nuclear,66849.0
Conventional Hydroelectric,21254.0
Other Renewables,10504.0
Wind,6865.0
All Utility-Scale Solar,177.0
Utility-Scale Photovoltaic,100.0
Utility-Scale Thermal,78.0
Geothermal,1226.0
Biomass,2235.0
Hydro-Electric Pumped Storage,-583.0
Other,617.0
All Solar,0.0
Small-Scale Solar Photovoltaic,0.0
All Utility-Scale Solar,177.0
Utility-Scale Photovoltaic,100.0
Utility-Scale Thermal,78.0
All Fuels (Utility-Scale),296676.0
Coal,125442.0
Petroleum Liquids,1050.0
Petroleum Coke,844.0
Natural Gas,71962.0
Other Gases,240.0
Nuclear,63337.0
Conventional Hydroelectric,19660.0
Other Renewables,14112.0
Wind,10519.0
All Utility-Scale Solar,151.0
Utility-Scale Photovoltaic,91.0
Utility-Scale Thermal,60.0
Geothermal,1281.0
Biomass,2162.0
Hydro-Electric Pumped Storage,-601.0
Other,629.0
All Solar,0.0
Small-Scale Solar Photovoltaic,0.0
All Utility-Scale Solar,151.0
Utility-Scale Photovoltaic,91.0
Utility-Scale Thermal,60.0
All Fuels (Utility-Scale),291639.0
Coal,120323.0
Petroleum Liquids,1027.0
Petroleum Coke,606.0
Natural Gas,68262.0
Other Gases,227.0
Nuclear,64474.0
Conventional Hydroelectric,20533.0
Other Renewables,16008.0
Wind,12431.0
All Utility-Scale Solar,103.0
Utility-Scale Photovoltaic,78.0
Utility-Scale Thermal,25.0
Geothermal,1271.0
Biomass,2203.0
Hydro-Electric Pumped Storage,-458.0
Other,638.0
All Solar,0.0
Small-Scale Solar Photovoltaic,0.0
All Utility-Scale Solar,103.0
Utility-Scale Photovoltaic,78.0
Utility-Scale Thermal,25.0
All Fuels (Utility-Scale),322225.0
Coal,131686.0
Petroleum Liquids,1118.0
Petroleum Coke,907.0
Natural Gas,78193.0
Other Gases,247.0
Nuclear,71837.0
Conventional Hydroelectric,23552.0
Other Renewables,14504.0
Wind,10649.0
All Utility-Scale Solar,117.0
Utility-Scale Photovoltaic,97.0
Utility-Scale Thermal,20.0
Geothermal,1324.0
Biomass,2414.0
Hydro-Electric Pumped Storage,-509.0
Other,689.0
All Solar,0.0
Small-Scale Solar Photovoltaic,0.0
All Utility-Scale Solar,117.0
Utility-Scale Photovoltaic,97.0
Utility-Scale Thermal,20.0
All Fuels (Utility-Scale),326185.0
Coal,127874.0
Petroleum Liquids,1083.0
Petroleum Coke,1050.0
Natural Gas,83122.0
Other Gases,263.0
Nuclear,72381.0
Conventional Hydroelectric,22830.0
Other Renewables,17302.0
Wind,13623.0
All Utility-Scale Solar,91.0
Utility-Scale Photovoltaic,78.0
Utility-Scale Thermal,13.0
Geothermal,1263.0
Biomass,2325.0
Hydro-Electric Pumped Storage,-348.0
Other,630.0
All Solar,0.0
Small-Scale Solar Photovoltaic,0.0
All Utility-Scale Solar,91.0
Utility-Scale Photovoltaic,78.0
Utility-Scale Thermal,13.0
All Fuels (Utility-Scale),296790.0
Coal,112774.0
Petroleum Liquids,846.0
Petroleum Coke,826.0
Natural Gas,83308.0
Other Gases,256.0
Nuclear,63847.0
Conventional Hydroelectric,20041.0
Other Renewables,14530.0
Wind,11045.0
All Utility-Scale Solar,129.0
Utility-Scale Photovoltaic,100.0
Utility-Scale Thermal,29.0
Geothermal,1193.0
Biomass,2162.0
Hydro-Electric Pumped Storage,-237.0
Other,599.0
All Solar,0.0
Small-Scale Solar Photovoltaic,0.0
All Utility-Scale Solar,129.0
Utility-Scale Photovoltaic,100.0
Utility-Scale Thermal,29.0
All Fuels (Utility-Scale),296497.0
Coal,104410.0
Petroleum Liquids,910.0
Petroleum Coke,393.0
Natural Gas,85001.0
Other Gases,261.0
Nuclear,61729.0
Conventional Hydroelectric,25670.0
Other Renewables,17773.0
Wind,14020.0
All Utility-Scale Solar,221.0
Utility-Scale Photovoltaic,153.0
Utility-Scale Thermal,68.0
Geothermal,1285.0
Biomass,2246.0
Hydro-Electric Pumped Storage,-281.0
Other,630.0
All Solar,0.0
Small-Scale Solar Photovoltaic,0.0
All Utility-Scale Solar,221.0
Utility-Scale Photovoltaic,153.0
Utility-Scale Thermal,68.0
All Fuels (Utility-Scale),283183.0
Coal,95284.0
Petroleum Liquids,907.0
Petroleum Coke,380.0
Natural Gas,87748.0
Other Gases,254.0
Nuclear,55871.0
Conventional Hydroelectric,26115.0
Other Renewables,16288.0
Wind,12702.0
All Utility-Scale Solar,305.0
Utility-Scale Photovoltaic,209.0
Utility-Scale Thermal,96.0
Geothermal,1248.0
Biomass,2033.0
Hydro-Electric Pumped Storage,-265.0
Other,601.0
All Solar,0.0
Small-Scale Solar Photovoltaic,0.0
All Utility-Scale Solar,305.0
Utility-Scale Photovoltaic,209.0
Utility-Scale Thermal,96.0
All Fuels (Utility-Scale),323598.0
Coal,114930.0
Petroleum Liquids,1026.0
Petroleum Coke,501.0
Natural Gas,99625.0
Other Gases,244.0
Nuclear,62081.0
Conventional Hydroelectric,28426.0
Other Renewables,16483.0
Wind,12535.0
All Utility-Scale Solar,445.0
Utility-Scale Photovoltaic,320.0
Utility-Scale Thermal,125.0
Geothermal,1304.0
Biomass,2199.0
Hydro-Electric Pumped Storage,-371.0
Other,652.0
All Solar,0.0
Small-Scale Solar Photovoltaic,0.0
All Utility-Scale Solar,445.0
Utility-Scale Photovoltaic,320.0
Utility-Scale Thermal,125.0
All Fuels (Utility-Scale),347759.0
Coal,130147.0
Petroleum Liquids,1248.0
Petroleum Coke,592.0
Natural Gas,107685.0
Other Gases,253.0
Nuclear,65140.0
Conventional Hydroelectric,26481.0
Other Renewables,16056.0
Wind,11967.0
All Utility-Scale Solar,508.0
Utility-Scale Photovoltaic,372.0
Utility-Scale Thermal,136.0
Geothermal,1277.0
Biomass,2304.0
Hydro-Electric Pumped Storage,-507.0
Other,664.0
All Solar,0.0
Small-Scale Solar Photovoltaic,0.0
All Utility-Scale Solar,508.0
Utility-Scale Photovoltaic,372.0
Utility-Scale Thermal,136.0
All Fuels (Utility-Scale),400316.0
Coal,159178.0
Petroleum Liquids,1473.0
Petroleum Coke,614.0
Natural Gas,130133.0
Other Gases,266.0
Nuclear,69129.0
Conventional Hydroelectric,26352.0
Other Renewables,13122.0
Wind,8819.0
All Utility-Scale Solar,492.0
Utility-Scale Photovoltaic,374.0
Utility-Scale Thermal,117.0
Geothermal,1321.0
Biomass,2491.0
Hydro-Electric Pumped Storage,-619.0
Other,668.0
All Solar,0.0
Small-Scale Solar Photovoltaic,0.0
All Utility-Scale Solar,492.0
Utility-Scale Photovoltaic,374.0
Utility-Scale Thermal,117.0
All Fuels (Utility-Scale),381494.0
Coal,150941.0
Petroleum Liquids,1141.0
Petroleum Coke,680.0
Natural Gas,123160.0
Other Gases,266.0
Nuclear,69602.0
Conventional Hydroelectric,22880.0
Other Renewables,12706.0
Wind,8466.0
All Utility-Scale Solar,445.0
Utility-Scale Photovoltaic,352.0
Utility-Scale Thermal,93.0
Geothermal,1304.0
Biomass,2492.0
Hydro-Electric Pumped Storage,-529.0
Other,647.0
All Solar,0.0
Small-Scale Solar Photovoltaic,0.0
All Utility-Scale Solar,445.0
Utility-Scale Photovoltaic,352.0
Utility-Scale Thermal,93.0
All Fuels (Utility-Scale),321586.0
Coal,124496.0
Petroleum Liquids,924.0
Petroleum Coke,672.0
Natural Gas,100267.0
Other Gases,232.0
Nuclear,64511.0
Conventional Hydroelectric,17443.0
Other Renewables,12835.0
Wind,8785.0
All Utility-Scale Solar,439.0
Utility-Scale Photovoltaic,354.0
Utility-Scale Thermal,85.0
Geothermal,1300.0
Biomass,2311.0
Hydro-Electric Pumped Storage,-431.0
Other,637.0
All Solar,0.0
Small-Scale Solar Photovoltaic,0.0
All Utility-Scale Solar,439.0
Utility-Scale Photovoltaic,354.0
Utility-Scale Thermal,85.0
All Fuels (Utility-Scale),298906.0
Coal,119952.0
Petroleum Liquids,992.0
Petroleum Coke,564.0
Natural Gas,84207.0
Other Gases,225.0
Nuclear,59743.0
Conventional Hydroelectric,16307.0
Other Renewables,16671.0
Wind,12629.0
All Utility-Scale Solar,415.0
Utility-Scale Photovoltaic,349.0
Utility-Scale Thermal,66.0
Geothermal,1329.0
Biomass,2298.0
Hydro-Electric Pumped Storage,-378.0
Other,623.0
All Solar,0.0
Small-Scale Solar Photovoltaic,0.0
All Utility-Scale Solar,415.0
Utility-Scale Photovoltaic,349.0
Utility-Scale Thermal,66.0
All Fuels (Utility-Scale),293047.0
Coal,127648.0
Petroleum Liquids,930.0
Petroleum Coke,584.0
Natural Gas,72601.0
Other Gases,211.0
Nuclear,56713.0
Conventional Hydroelectric,18519.0
Other Renewables,15624.0
Wind,11642.0
All Utility-Scale Solar,335.0
Utility-Scale Photovoltaic,304.0
Utility-Scale Thermal,31.0
Geothermal,1347.0
Biomass,2300.0
Hydro-Electric Pumped Storage,-409.0
Other,626.0
All Solar,0.0
Small-Scale Solar Photovoltaic,0.0
All Utility-Scale Solar,335.0
Utility-Scale Photovoltaic,304.0
Utility-Scale Thermal,31.0
All Fuels (Utility-Scale),320996.0
Coal,132923.0
Petroleum Liquids,1170.0
Petroleum Coke,567.0
Natural Gas,75934.0
Other Gases,253.0
Nuclear,68584.0
Conventional Hydroelectric,22796.0
Other Renewables,18691.0
Wind,14516.0
All Utility-Scale Solar,339.0
Utility-Scale Photovoltaic,323.0
Utility-Scale Thermal,16.0
Geothermal,1390.0
Biomass,2446.0
Hydro-Electric Pumped Storage,-576.0
Other,655.0
All Solar,0.0
Small-Scale Solar Photovoltaic,0.0
All Utility-Scale Solar,339.0
Utility-Scale Photovoltaic,323.0
Utility-Scale Thermal,16.0
All Fuels (Utility-Scale),335062.0
Coal,136952.0
Petroleum Liquids,1652.0
Petroleum Coke,849.0
Natural Gas,80389.0
Other Gases,385.0
Nuclear,71406.0
Conventional Hydroelectric,24501.0
Other Renewables,18802.0
Wind,14729.0
All Utility-Scale Solar,300.0
Utility-Scale Photovoltaic,289.0
Utility-Scale Thermal,11.0
Geothermal,1382.0
Biomass,2391.0
Hydro-Electric Pumped Storage,-465.0
Other,590.0
All Solar,0.0
Small-Scale Solar Photovoltaic,0.0
All Utility-Scale Solar,300.0
Utility-Scale Photovoltaic,289.0
Utility-Scale Thermal,11.0
All Fuels (Utility-Scale),297198.0
Coal,122484.0
Petroleum Liquids,1069.0
Petroleum Coke,749.0
Natural Gas,72970.0
Other Gases,325.0
Nuclear,61483.0
Conventional Hydroelectric,20051.0
Other Renewables,17844.0
Wind,14068.0
All Utility-Scale Solar,417.0
Utility-Scale Photovoltaic,372.0
Utility-Scale Thermal,45.0
Geothermal,1236.0
Biomass,2123.0
Hydro-Electric Pumped Storage,-320.0
Other,544.0
All Solar,0.0
Small-Scale Solar Photovoltaic,0.0
All Utility-Scale Solar,417.0
Utility-Scale Photovoltaic,372.0
Utility-Scale Thermal,45.0
All Fuels (Utility-Scale),311828.0
Coal,129469.0
Petroleum Liquids,942.0
Petroleum Coke,837.0
Natural Gas,76765.0
Other Gases,318.0
Nuclear,62947.0
Conventional Hydroelectric,20228.0
Other Renewables,20156.0
Wind,15748.0
All Utility-Scale Solar,596.0
Utility-Scale Photovoltaic,524.0
Utility-Scale Thermal,72.0
Geothermal,1378.0
Biomass,2434.0
Hydro-Electric Pumped Storage,-462.0
Other,628.0
All Solar,0.0
Small-Scale Solar Photovoltaic,0.0
All Utility-Scale Solar,596.0
Utility-Scale Photovoltaic,524.0
Utility-Scale Thermal,72.0
All Fuels (Utility-Scale),286807.0
Coal,110786.0
Petroleum Liquids,950.0
Petroleum Coke,718.0
Natural Gas,70626.0
Other Gases,322.0
Nuclear,56767.0
Conventional Hydroelectric,24842.0
Other Renewables,21516.0
Wind,17468.0
All Utility-Scale Solar,640.0
Utility-Scale Photovoltaic,547.0
Utility-Scale Thermal,93.0
Geothermal,1274.0
Biomass,2133.0
Hydro-Electric Pumped Storage,-292.0
Other,570.0
All Solar,0.0
Small-Scale Solar Photovoltaic,0.0
All Utility-Scale Solar,640.0
Utility-Scale Photovoltaic,547.0
Utility-Scale Thermal,93.0
All Fuels (Utility-Scale),309028.0
Coal,118380.0
Petroleum Liquids,1013.0
Petroleum Coke,1136.0
Natural Gas,76244.0
Other Gases,367.0
Nuclear,62848.0
Conventional Hydroelectric,28118.0
Other Renewables,20631.0
Wind,16230.0
All Utility-Scale Solar,724.0
Utility-Scale Photovoltaic,620.0
Utility-Scale Thermal,104.0
Geothermal,1308.0
Biomass,2370.0
Hydro-Electric Pumped Storage,-334.0
Other,625.0
All Solar,0.0
Small-Scale Solar Photovoltaic,0.0
All Utility-Scale Solar,724.0
Utility-Scale Photovoltaic,620.0
Utility-Scale Thermal,104.0
All Fuels (Utility-Scale),343286.0
Coal,137160.0
Petroleum Liquids,992.0
Petroleum Coke,1106.0
Natural Gas,91672.0
Other Gases,349.0
Nuclear,66430.0
Conventional Hydroelectric,27051.0
Other Renewables,18256.0
Wind,13742.0
All Utility-Scale Solar,839.0
Utility-Scale Photovoltaic,717.0
Utility-Scale Thermal,122.0
Geothermal,1278.0
Biomass,2397.0
Hydro-Electric Pumped Storage,-358.0
Other,629.0
All Solar,0.0
Small-Scale Solar Photovoltaic,0.0
All Utility-Scale Solar,839.0
Utility-Scale Photovoltaic,717.0
Utility-Scale Thermal,122.0
All Fuels (Utility-Scale),380108.0
Coal,151653.0
Petroleum Liquids,1410.0
Petroleum Coke,1143.0
Natural Gas,111959.0
Other Gases,381.0
Nuclear,70539.0
Conventional Hydroelectric,26929.0
Other Renewables,15767.0
Wind,11088.0
All Utility-Scale Solar,799.0
Utility-Scale Photovoltaic,714.0
Utility-Scale Thermal,85.0
Geothermal,1337.0
Biomass,2543.0
Hydro-Electric Pumped Storage,-340.0
Other,667.0
All Solar,0.0
Small-Scale Solar Photovoltaic,0.0
All Utility-Scale Solar,799.0
Utility-Scale Photovoltaic,714.0
Utility-Scale Thermal,85.0
All Fuels (Utility-Scale),370943.0
Coal,148288.0
Petroleum Liquids,1033.0
Petroleum Coke,1163.0
Natural Gas,112603.0
Other Gases,376.0
Nuclear,71344.0
Conventional Hydroelectric,21389.0
Other Renewables,14562.0
Wind,9629.0
All Utility-Scale Solar,914.0
Utility-Scale Photovoltaic,815.0
Utility-Scale Thermal,99.0
Geothermal,1322.0
Biomass,2696.0
Hydro-Electric Pumped Storage,-465.0
Other,647.0
All Solar,0.0
Small-Scale Solar Photovoltaic,0.0
All Utility-Scale Solar,914.0
Utility-Scale Photovoltaic,815.0
Utility-Scale Thermal,99.0
All Fuels (Utility-Scale),327638.0
Coal,132047.0
Petroleum Liquids,926.0
Petroleum Coke,1046.0
Natural Gas,94193.0
Other Gases,373.0
Nuclear,65799.0
Conventional Hydroelectric,16719.0
Other Renewables,16364.0
Wind,11668.0
All Utility-Scale Solar,917.0
Utility-Scale Photovoltaic,842.0
Utility-Scale Thermal,75.0
Geothermal,1299.0
Biomass,2480.0
Hydro-Electric Pumped Storage,-439.0
Other,610.0
All Solar,0.0
Small-Scale Solar Photovoltaic,0.0
All Utility-Scale Solar,917.0
Utility-Scale Photovoltaic,842.0
Utility-Scale Thermal,75.0
All Fuels (Utility-Scale),301782.0
Coal,119943.0
Petroleum Liquids,901.0
Petroleum Coke,908.0
Natural Gas,80872.0
Other Gases,405.0
Nuclear,63184.0
Conventional Hydroelectric,16958.0
Other Renewables,18377.0
Wind,13627.0
All Utility-Scale Solar,954.0
Utility-Scale Photovoltaic,842.0
Utility-Scale Thermal,112.0
Geothermal,1363.0
Biomass,2433.0
Hydro-Electric Pumped Storage,-373.0
Other,608.0
All Solar,0.0
Small-Scale Solar Photovoltaic,0.0
All Utility-Scale Solar,954.0
Utility-Scale Photovoltaic,842.0
Utility-Scale Thermal,112.0
All Fuels (Utility-Scale),301287.0
Coal,119858.0
Petroleum Liquids,944.0
Petroleum Coke,752.0
Natural Gas,76367.0
Other Gases,367.0
Nuclear,64975.0
Conventional Hydroelectric,17469.0
Other Renewables,20360.0
Wind,15790.0
All Utility-Scale Solar,799.0
Utility-Scale Photovoltaic,749.0
Utility-Scale Thermal,49.0
Geothermal,1230.0
Biomass,2541.0
Hydro-Electric Pumped Storage,-413.0
Other,610.0
All Solar,0.0
Small-Scale Solar Photovoltaic,0.0
All Utility-Scale Solar,799.0
Utility-Scale Photovoltaic,749.0
Utility-Scale Thermal,49.0
All Fuels (Utility-Scale),338748.0
Coal,140703.0
Petroleum Liquids,1375.0
Petroleum Coke,894.0
Natural Gas,84289.0
Other Gases,356.0
Nuclear,71294.0
Conventional Hydroelectric,20803.0
Other Renewables,18826.0
Wind,13955.0
All Utility-Scale Solar,826.0
Utility-Scale Photovoltaic,780.0
Utility-Scale Thermal,46.0
Geothermal,1366.0
Biomass,2680.0
Hydro-Electric Pumped Storage,-421.0
Other,629.0
All Solar,0.0
Small-Scale Solar Photovoltaic,0.0
All Utility-Scale Solar,826.0
Utility-Scale Photovoltaic,780.0
Utility-Scale Thermal,46.0
All Fuels (Utility-Scale),363645.0
Coal,155916.0
Petroleum Liquids,5726.0
Petroleum Coke,1058.0
Natural Gas,82969.0
Other Gases,266.0
Nuclear,73163.0
Conventional Hydroelectric,21510.0
Other Renewables,22747.0
Wind,17895.0
All Utility-Scale Solar,734.0
Utility-Scale Photovoltaic,680.0
Utility-Scale Thermal,54.0
Geothermal,1355.0
Biomass,2763.0
Hydro-Electric Pumped Storage,-290.0
Other,580.0
All Solar,0.0
Small-Scale Solar Photovoltaic,0.0
All Utility-Scale Solar,734.0
Utility-Scale Photovoltaic,680.0
Utility-Scale Thermal,54.0
All Fuels (Utility-Scale),312276.0
Coal,142218.0
Petroleum Liquids,1749.0
Petroleum Coke,829.0
Natural Gas,68730.0
Other Gases,211.0
Nuclear,62639.0
Conventional Hydroelectric,17289.0
Other Renewables,18551.0
Wind,13997.0
All Utility-Scale Solar,814.0
Utility-Scale Photovoltaic,731.0
Utility-Scale Thermal,83.0
Geothermal,1206.0
Biomass,2535.0
Hydro-Electric Pumped Storage,-445.0
Other,506.0
All Solar,0.0
Small-Scale Solar Photovoltaic,0.0
All Utility-Scale Solar,814.0
Utility-Scale Photovoltaic,731.0
Utility-Scale Thermal,83.0
All Fuels (Utility-Scale),318914.0
Coal,135290.0
Petroleum Liquids,1917.0
Petroleum Coke,1082.0
Natural Gas,70517.0
Other Gases,215.0
Nuclear,62397.0
Conventional Hydroelectric,24139.0
Other Renewables,23151.0
Wind,17722.0
All Utility-Scale Solar,1286.0
Utility-Scale Photovoltaic,1104.0
Utility-Scale Thermal,182.0
Geothermal,1338.0
Biomass,2805.0
Hydro-Electric Pumped Storage,-421.0
Other,627.0
All Solar,0.0
Small-Scale Solar Photovoltaic,0.0
All Utility-Scale Solar,1286.0
Utility-Scale Photovoltaic,1104.0
Utility-Scale Thermal,182.0
All Fuels (Utility-Scale),285453.0
Coal,108279.0
Petroleum Liquids,870.0
Petroleum Coke,713.0
Natural Gas,69583.0
Other Gases,231.0
Nuclear,56385.0
Conventional Hydroelectric,25310.0
Other Renewables,23893.0
Wind,18621.0
All Utility-Scale Solar,1453.0
Utility-Scale Photovoltaic,1227.0
Utility-Scale Thermal,226.0
Geothermal,1314.0
Biomass,2506.0
Hydro-Electric Pumped Storage,-378.0
Other,568.0
All Solar,0.0
Small-Scale Solar Photovoltaic,0.0
All Utility-Scale Solar,1453.0
Utility-Scale Photovoltaic,1227.0
Utility-Scale Thermal,226.0
All Fuels (Utility-Scale),312072.0
Coal,117738.0
Petroleum Liquids,912.0
Petroleum Coke,958.0
Natural Gas,81645.0
Other Gases,283.0
Nuclear,62947.0
Conventional Hydroelectric,26410.0
Other Renewables,21160.0
Wind,15591.0
All Utility-Scale Solar,1710.0
Utility-Scale Photovoltaic,1418.0
Utility-Scale Thermal,292.0
Geothermal,1332.0
Biomass,2527.0
Hydro-Electric Pumped Storage,-601.0
Other,619.0
All Solar,0.0
Small-Scale Solar Photovoltaic,0.0
All Utility-Scale Solar,1710.0
Utility-Scale Photovoltaic,1418.0
Utility-Scale Thermal,292.0
All Fuels (Utility-Scale),344988.0
Coal,136470.0
Petroleum Liquids,843.0
Petroleum Coke,1002.0
Natural Gas,90902.0
Other Gases,257.0
Nuclear,68138.0
Conventional Hydroelectric,25640.0
Other Renewables,21770.0
Wind,15786.0
All Utility-Scale Solar,1883.0
Utility-Scale Photovoltaic,1537.0
Utility-Scale Thermal,345.0
Geothermal,1293.0
Biomass,2808.0
Hydro-Electric Pumped Storage,-653.0
Other,618.0
All Solar,0.0
Small-Scale Solar Photovoltaic,0.0
All Utility-Scale Solar,1883.0
Utility-Scale Photovoltaic,1537.0
Utility-Scale Thermal,345.0
All Fuels (Utility-Scale),371817.0
Coal,148472.0
Petroleum Liquids,947.0
Petroleum Coke,921.0
Natural Gas,106696.0
Other Gases,283.0
Nuclear,71940.0
Conventional Hydroelectric,24265.0
Other Renewables,18193.0
Wind,12176.0
All Utility-Scale Solar,1748.0
Utility-Scale Photovoltaic,1486.0
Utility-Scale Thermal,262.0
Geothermal,1320.0
Biomass,2948.0
Hydro-Electric Pumped Storage,-545.0
Other,646.0
All Solar,0.0
Small-Scale Solar Photovoltaic,0.0
All Utility-Scale Solar,1748.0
Utility-Scale Photovoltaic,1486.0
Utility-Scale Thermal,262.0
All Fuels (Utility-Scale),370304.0
Coal,147329.0
Petroleum Liquids,972.0
Petroleum Coke,901.0
Natural Gas,113910.0
Other Gases,315.0
Nuclear,71129.0
Conventional Hydroelectric,19708.0
Other Renewables,16227.0
Wind,10162.0
All Utility-Scale Solar,1839.0
Utility-Scale Photovoltaic,1577.0
Utility-Scale Thermal,261.0
Geothermal,1329.0
Biomass,2897.0
Hydro-Electric Pumped Storage,-840.0
Other,653.0
All Solar,0.0
Small-Scale Solar Photovoltaic,0.0
All Utility-Scale Solar,1839.0
Utility-Scale Photovoltaic,1577.0
Utility-Scale Thermal,261.0
All Fuels (Utility-Scale),326756.0
Coal,125062.0
Petroleum Liquids,882.0
Petroleum Coke,895.0
Natural Gas,98690.0
Other Gases,298.0
Nuclear,67535.0
Conventional Hydroelectric,15986.0
Other Renewables,17339.0
Wind,11510.0
All Utility-Scale Solar,1795.0
Utility-Scale Photovoltaic,1537.0
Utility-Scale Thermal,258.0
Geothermal,1308.0
Biomass,2726.0
Hydro-Electric Pumped Storage,-542.0
Other,611.0
All Solar,0.0
Small-Scale Solar Photovoltaic,0.0
All Utility-Scale Solar,1795.0
Utility-Scale Photovoltaic,1537.0
Utility-Scale Thermal,258.0
All Fuels (Utility-Scale),301847.0
Coal,110322.0
Petroleum Liquids,861.0
Petroleum Coke,507.0
Natural Gas,90053.0
Other Gases,334.0
Nuclear,62391.0
Conventional Hydroelectric,17063.0
Other Renewables,20148.0
Wind,14492.0
All Utility-Scale Solar,1680.0
Utility-Scale Photovoltaic,1447.0
Utility-Scale Thermal,233.0
Geothermal,1345.0
Biomass,2631.0
Hydro-Electric Pumped Storage,-448.0
Other,614.0
All Solar,0.0
Small-Scale Solar Photovoltaic,0.0
All Utility-Scale Solar,1680.0
Utility-Scale Photovoltaic,1447.0
Utility-Scale Thermal,233.0
All Fuels (Utility-Scale),304738.0
Coal,118118.0
Petroleum Liquids,911.0
Petroleum Coke,666.0
Natural Gas,76711.0
Other Gases,302.0
Nuclear,65140.0
Conventional Hydroelectric,18524.0
Other Renewables,24264.0
Wind,18848.0
All Utility-Scale Solar,1351.0
Utility-Scale Photovoltaic,1203.0
Utility-Scale Thermal,148.0
Geothermal,1362.0
Biomass,2704.0
Hydro-Electric Pumped Storage,-531.0
Other,634.0
All Solar,0.0
Small-Scale Solar Photovoltaic,0.0
All Utility-Scale Solar,1351.0
Utility-Scale Photovoltaic,1203.0
Utility-Scale Thermal,148.0
All Fuels (Utility-Scale),324193.0
Coal,123561.0
Petroleum Liquids,895.0
Petroleum Coke,1026.0
Natural Gas,82766.0
Other Gases,363.0
Nuclear,73363.0
Conventional Hydroelectric,22202.0
Other Renewables,19861.0
Wind,14696.0
All Utility-Scale Solar,1011.0
Utility-Scale Photovoltaic,915.0
Utility-Scale Thermal,95.0
Geothermal,1375.0
Biomass,2779.0
Hydro-Electric Pumped Storage,-480.0
Other,636.0
All Solar,0.0
Small-Scale Solar Photovoltaic,0.0
All Utility-Scale Solar,1011.0
Utility-Scale Photovoltaic,915.0
Utility-Scale Thermal,95.0
All Fuels (Utility-Scale),346758.0
Coal,131431.0
Petroleum Liquids,1848.0
Petroleum Coke,941.0
Natural Gas,93450.0
Other Gases,394.0
Nuclear,74270.0
Conventional Hydroelectric,24014.0
Other Renewables,20360.0
Wind,15146.0
All Utility-Scale Solar,1134.0
Utility-Scale Photovoltaic,1071.0
Utility-Scale Thermal,63.0
Geothermal,1362.0
Biomass,2718.0
Hydro-Electric Pumped Storage,-551.0
Other,601.0
All Solar,0.0
Small-Scale Solar Photovoltaic,0.0
All Utility-Scale Solar,1134.0
Utility-Scale Photovoltaic,1071.0
Utility-Scale Thermal,63.0
All Fuels (Utility-Scale),322473.0
Coal,126024.0
Petroleum Liquids,5063.0
Petroleum Coke,1011.0
Natural Gas,84207.0
Other Gases,329.0
Nuclear,63461.0
Conventional Hydroelectric,22179.0
Other Renewables,20122.0
Wind,14908.0
All Utility-Scale Solar,1459.0
Utility-Scale Photovoltaic,1298.0
Utility-Scale Thermal,161.0
Geothermal,1260.0
Biomass,2495.0
Hydro-Electric Pumped Storage,-456.0
Other,534.0
All Solar,0.0
Small-Scale Solar Photovoltaic,0.0
All Utility-Scale Solar,1459.0
Utility-Scale Photovoltaic,1298.0
Utility-Scale Thermal,161.0
All Fuels (Utility-Scale),311741.0
Coal,107471.0
Petroleum Liquids,1002.0
Petroleum Coke,642.0
Natural Gas,92110.0
Other Gases,327.0
Nuclear,64547.0
Conventional Hydroelectric,24148.0
Other Renewables,21345.0
Wind,15293.0
All Utility-Scale Solar,2037.0
Utility-Scale Photovoltaic,1752.0
Utility-Scale Thermal,286.0
Geothermal,1394.0
Biomass,2620.0
Hydro-Electric Pumped Storage,-409.0
Other,558.0
All Solar,0.0
Small-Scale Solar Photovoltaic,0.0
All Utility-Scale Solar,2037.0
Utility-Scale Photovoltaic,1752.0
Utility-Scale Thermal,286.0
All Fuels (Utility-Scale),282197.0
Coal,88147.0
Petroleum Liquids,865.0
Petroleum Coke,705.0
Natural Gas,85828.0
Other Gases,290.0
Nuclear,59784.0
Conventional Hydroelectric,22331.0
Other Renewables,23887.0
Wind,17850.0
All Utility-Scale Solar,2338.0
Utility-Scale Photovoltaic,1966.0
Utility-Scale Thermal,372.0
Geothermal,1272.0
Biomass,2426.0
Hydro-Electric Pumped Storage,-214.0
Other,575.0
All Solar,0.0
Small-Scale Solar Photovoltaic,0.0
All Utility-Scale Solar,2338.0
Utility-Scale Photovoltaic,1966.0
Utility-Scale Thermal,372.0
All Fuels (Utility-Scale),309552.0
Coal,103672.0
Petroleum Liquids,959.0
Petroleum Coke,835.0
Natural Gas,94124.0
Other Gases,338.0
Nuclear,65827.0
Conventional Hydroelectric,19995.0
Other Renewables,23558.0
Wind,17136.0
All Utility-Scale Solar,2456.0
Utility-Scale Photovoltaic,2111.0
Utility-Scale Thermal,345.0
Geothermal,1390.0
Biomass,2575.0
Hydro-Electric Pumped Storage,-370.0
Other,615.0
All Solar,0.0
Small-Scale Solar Photovoltaic,0.0
All Utility-Scale Solar,2456.0
Utility-Scale Photovoltaic,2111.0
Utility-Scale Thermal,345.0
All Fuels (Utility-Scale),349067.0
Coal,124677.0
Petroleum Liquids,981.0
Petroleum Coke,742.0
Natural Gas,113390.0
Other Gases,299.0
Nuclear,68516.0
Conventional Hydroelectric,20297.0
Other Renewables,19940.0
Wind,13410.0
All Utility-Scale Solar,2512.0
Utility-Scale Photovoltaic,2132.0
Utility-Scale Thermal,380.0
Geothermal,1302.0
Biomass,2717.0
Hydro-Electric Pumped Storage,-398.0
Other,624.0
All Solar,0.0
Small-Scale Solar Photovoltaic,0.0
All Utility-Scale Solar,2512.0
Utility-Scale Photovoltaic,2132.0
Utility-Scale Thermal,380.0
All Fuels (Utility-Scale),385889.0
Coal,138060.0
Petroleum Liquids,1148.0
Petroleum Coke,1037.0
Natural Gas,132266.0
Other Gases,311.0
Nuclear,71412.0
Conventional Hydroelectric,20896.0
Other Renewables,20606.0
Wind,13666.0
All Utility-Scale Solar,2579.0
Utility-Scale Photovoltaic,2200.0
Utility-Scale Thermal,380.0
Geothermal,1357.0
Biomass,3004.0
Hydro-Electric Pumped Storage,-513.0
Other,667.0
All Solar,0.0
Small-Scale Solar Photovoltaic,0.0
All Utility-Scale Solar,2579.0
Utility-Scale Photovoltaic,2200.0
Utility-Scale Thermal,380.0
All Fuels (Utility-Scale),377856.0
Coal,133651.0
Petroleum Liquids,1044.0
Petroleum Coke,969.0
Natural Gas,130314.0
Other Gases,331.0
Nuclear,72415.0
Conventional Hydroelectric,19030.0
Other Renewables,20050.0
Wind,13070.0
All Utility-Scale Solar,2639.0
Utility-Scale Photovoltaic,2247.0
Utility-Scale Thermal,392.0
Geothermal,1344.0
Biomass,2996.0
Hydro-Electric Pumped Storage,-626.0
Other,677.0
All Solar,0.0
Small-Scale Solar Photovoltaic,0.0
All Utility-Scale Solar,2639.0
Utility-Scale Photovoltaic,2247.0
Utility-Scale Thermal,392.0
All Fuels (Utility-Scale),336618.0
Coal,117005.0
Petroleum Liquids,962.0
Petroleum Coke,936.0
Natural Gas,114792.0
Other Gases,331.0
Nuclear,66476.0
Conventional Hydroelectric,16015.0
Other Renewables,20023.0
Wind,13961.0
All Utility-Scale Solar,2178.0
Utility-Scale Photovoltaic,1869.0
Utility-Scale Thermal,309.0
Geothermal,1203.0
Biomass,2682.0
Hydro-Electric Pumped Storage,-544.0
Other,620.0
All Solar,0.0
Small-Scale Solar Photovoltaic,0.0
All Utility-Scale Solar,2178.0
Utility-Scale Photovoltaic,1869.0
Utility-Scale Thermal,309.0
All Fuels (Utility-Scale),299168.0
Coal,95872.0
Petroleum Liquids,898.0
Petroleum Coke,759.0
Natural Gas,102022.0
Other Gases,229.0
Nuclear,60571.0
Conventional Hydroelectric,16513.0
Other Renewables,22118.0
Wind,16364.0
All Utility-Scale Solar,1875.0
Utility-Scale Photovoltaic,1665.0
Utility-Scale Thermal,210.0
Geothermal,1323.0
Biomass,2556.0
Hydro-Electric Pumped Storage,-443.0
Other,631.0
All Solar,0.0
Small-Scale Solar Photovoltaic,0.0
All Utility-Scale Solar,1875.0
Utility-Scale Photovoltaic,1665.0
Utility-Scale Thermal,210.0
All Fuels (Utility-Scale),287551.0
Coal,86362.0
Petroleum Liquids,953.0
Petroleum Coke,629.0
Natural Gas,94132.0
Other Gases,234.0
Nuclear,60264.0
Conventional Hydroelectric,19202.0
Other Renewables,25420.0
Wind,19663.0
All Utility-Scale Solar,1702.0
Utility-Scale Photovoltaic,1497.0
Utility-Scale Thermal,204.0
Geothermal,1334.0
Biomass,2722.0
Hydro-Electric Pumped Storage,-285.0
Other,639.0
All Solar,0.0
Small-Scale Solar Photovoltaic,0.0
All Utility-Scale Solar,1702.0
Utility-Scale Photovoltaic,1497.0
Utility-Scale Thermal,204.0
All Fuels (Utility-Scale),310423.0
Coal,88622.0
Petroleum Liquids,903.0
Petroleum Coke,671.0
Natural Gas,101022.0
Other Gases,304.0
Nuclear,69634.0
Conventional Hydroelectric,23017.0
Other Renewables,25876.0
Wind,20080.0
All Utility-Scale Solar,1545.0
Utility-Scale Photovoltaic,1420.0
Utility-Scale Thermal,126.0
Geothermal,1377.0
Biomass,2874.0
Hydro-Electric Pumped Storage,-281.0
Other,656.0
All Solar,0.0
Small-Scale Solar Photovoltaic,0.0
All Utility-Scale Solar,1545.0
Utility-Scale Photovoltaic,1420.0
Utility-Scale Thermal,126.0
All Fuels (Utility-Scale),339200.0
Coal,112624.0
Petroleum Liquids,1343.0
Petroleum Coke,874.0
Natural Gas,101786.0
Other Gases,344.0
Nuclear,72525.0
Conventional Hydroelectric,25464.0
Other Renewables,23929.0
Wind,18447.0
All Utility-Scale Solar,1458.0
Utility-Scale Photovoltaic,1372.0
Utility-Scale Thermal,86.0
Geothermal,1332.0
Biomass,2692.0
Hydro-Electric Pumped Storage,-312.0
Other,622.0
All Solar,0.0
Small-Scale Solar Photovoltaic,0.0
All Utility-Scale Solar,1458.0
Utility-Scale Photovoltaic,1372.0
Utility-Scale Thermal,86.0
All Fuels (Utility-Scale),301122.0
Coal,91909.0
Petroleum Liquids,1246.0
Petroleum Coke,833.0
Natural Gas,90849.0
Other Gases,299.0
Nuclear,65638.0
Conventional Hydroelectric,24006.0
Other Renewables,26170.0
Wind,20118.0
All Utility-Scale Solar,2201.0
Utility-Scale Photovoltaic,1959.0
Utility-Scale Thermal,241.0
Geothermal,1243.0
Biomass,2607.0
Hydro-Electric Pumped Storage,-399.0
Other,570.0
All Solar,0.0
Small-Scale Solar Photovoltaic,0.0
All Utility-Scale Solar,2201.0
Utility-Scale Photovoltaic,1959.0
Utility-Scale Thermal,241.0
All Fuels (Utility-Scale),291262.0
Coal,71346.0
Petroleum Liquids,833.0
Petroleum Coke,862.0
Natural Gas,95849.0
Other Gases,360.0
Nuclear,66149.0
Conventional Hydroelectric,27226.0
Other Renewables,28431.0
Wind,21920.0
All Utility-Scale Solar,2571.0
Utility-Scale Photovoltaic,2313.0
Utility-Scale Thermal,257.0
Geothermal,1315.0
Biomass,2625.0
Hydro-Electric Pumped Storage,-384.0
Other,590.0
All Solar,0.0
Small-Scale Solar Photovoltaic,0.0
All Utility-Scale Solar,2571.0
Utility-Scale Photovoltaic,2313.0
Utility-Scale Thermal,257.0
All Fuels (Utility-Scale),280548.0
Coal,71419.0
Petroleum Liquids,790.0
Petroleum Coke,956.0
Natural Gas,91257.0
Other Gases,317.0
Nuclear,62732.0
Conventional Hydroelectric,25735.0
Other Renewables,27205.0
Wind,20781.0
All Utility-Scale Solar,2831.0
Utility-Scale Photovoltaic,2558.0
Utility-Scale Thermal,273.0
Geothermal,1209.0
Biomass,2384.0
Hydro-Electric Pumped Storage,-452.0
Other,588.0
All Solar,0.0
Small-Scale Solar Photovoltaic,0.0
All Utility-Scale Solar,2831.0
Utility-Scale Photovoltaic,2558.0
Utility-Scale Thermal,273.0
All Fuels (Utility-Scale),303879.0
Coal,80935.0
Petroleum Liquids,928.0
Petroleum Coke,886.0
Natural Gas,102482.0
Other Gases,313.0
Nuclear,66576.0
Conventional Hydroelectric,25355.0
Other Renewables,26081.0
Wind,18832.0
All Utility-Scale Solar,3375.0
Utility-Scale Photovoltaic,2987.0
Utility-Scale Thermal,388.0
Geothermal,1342.0
Biomass,2532.0
Hydro-Electric Pumped Storage,-321.0
Other,643.0
All Solar,0.0
Small-Scale Solar Photovoltaic,0.0
All Utility-Scale Solar,3375.0
Utility-Scale Photovoltaic,2987.0
Utility-Scale Thermal,388.0
All Fuels (Utility-Scale),354445.0
Coal,115197.0
Petroleum Liquids,924.0
Petroleum Coke,923.0
Natural Gas,123043.0
Other Gases,351.0
Nuclear,67175.0
Conventional Hydroelectric,23125.0
Other Renewables,23569.0
Wind,16290.0
All Utility-Scale Solar,3418.0
Utility-Scale Photovoltaic,3006.0
Utility-Scale Thermal,412.0
Geothermal,1251.0
Biomass,2610.0
Hydro-Electric Pumped Storage,-497.0
Other,635.0
All Solar,0.0
Small-Scale Solar Photovoltaic,0.0
All Utility-Scale Solar,3418.0
Utility-Scale Photovoltaic,3006.0
Utility-Scale Thermal,412.0
All Fuels (Utility-Scale),397635.0
Coal,135420.0
Petroleum Liquids,1217.0
Petroleum Coke,969.0
Natural Gas,142558.0
Other Gases,346.0
Nuclear,70349.0
Conventional Hydroelectric,21337.0
Other Renewables,25579.0
Wind,17605.0
All Utility-Scale Solar,3886.0
Utility-Scale Photovoltaic,3415.0
Utility-Scale Thermal,471.0
Geothermal,1311.0
Biomass,2777.0
Hydro-Electric Pumped Storage,-784.0
Other,644.0
All Solar,0.0
Small-Scale Solar Photovoltaic,0.0
All Utility-Scale Solar,3886.0
Utility-Scale Photovoltaic,3415.0
Utility-Scale Thermal,471.0
All Fuels (Utility-Scale),395328.0
Coal,134762.0
Petroleum Liquids,1214.0
Petroleum Coke,997.0
Natural Gas,145610.0
Other Gases,332.0
Nuclear,71526.0
Conventional Hydroelectric,19458.0
Other Renewables,21681.0
Wind,13579.0
All Utility-Scale Solar,3908.0
Utility-Scale Photovoltaic,3541.0
Utility-Scale Thermal,368.0
Geothermal,1324.0
Biomass,2870.0
Hydro-Electric Pumped Storage,-902.0
Other,650.0
All Solar,0.0
Small-Scale Solar Photovoltaic,0.0
All Utility-Scale Solar,3908.0
Utility-Scale Photovoltaic,3541.0
Utility-Scale Thermal,368.0
All Fuels (Utility-Scale),338260.0
Coal,113347.0
Petroleum Liquids,902.0
Petroleum Coke,920.0
Natural Gas,117197.0
Other Gases,346.0
Nuclear,65448.0
Conventional Hydroelectric,16279.0
Other Renewables,23944.0
Wind,16391.0
All Utility-Scale Solar,3584.0
Utility-Scale Photovoltaic,3221.0
Utility-Scale Thermal,363.0
Geothermal,1327.0
Biomass,2642.0
Hydro-Electric Pumped Storage,-715.0
Other,592.0
All Solar,0.0
Small-Scale Solar Photovoltaic,0.0
All Utility-Scale Solar,3584.0
Utility-Scale Photovoltaic,3221.0
Utility-Scale Thermal,363.0
All Fuels (Utility-Scale),300073.0
Coal,98474.0
Petroleum Liquids,890.0
Petroleum Coke,559.0
Natural Gas,94754.0
Other Gases,234.0
Nuclear,60733.0
Conventional Hydroelectric,17229.0
Other Renewables,27175.0
Wind,20318.0
All Utility-Scale Solar,3147.0
Utility-Scale Photovoltaic,2898.0
Utility-Scale Thermal,249.0
Geothermal,1353.0
Biomass,2357.0
Hydro-Electric Pumped Storage,-561.0
Other,584.0
All Solar,0.0
Small-Scale Solar Photovoltaic,0.0
All Utility-Scale Solar,3147.0
Utility-Scale Photovoltaic,2898.0
Utility-Scale Thermal,249.0
All Fuels (Utility-Scale),284282.0
Coal,86275.0
Petroleum Liquids,1025.0
Petroleum Coke,712.0
Natural Gas,85907.0
Other Gases,351.0
Nuclear,65179.0
Conventional Hydroelectric,18721.0
Other Renewables,26124.0
Wind,19388.0
All Utility-Scale Solar,2729.0
Utility-Scale Photovoltaic,2545.0
Utility-Scale Thermal,184.0
Geothermal,1364.0
Biomass,2643.0
Hydro-Electric Pumped Storage,-607.0
Other,595.0
All Solar,0.0
Small-Scale Solar Photovoltaic,0.0
All Utility-Scale Solar,2729.0
Utility-Scale Photovoltaic,2545.0
Utility-Scale Thermal,184.0
All Fuels (Utility-Scale),332044.0
Coal,117955.0
Petroleum Liquids,1118.0
Petroleum Coke,791.0
Natural Gas,88088.0
Other Gases,318.0
Nuclear,71662.0
Conventional Hydroelectric,22390.0
Other Renewables,29827.0
Wind,23122.0
All Utility-Scale Solar,2389.0
Utility-Scale Photovoltaic,2298.0
Utility-Scale Thermal,91.0
Geothermal,1454.0
Biomass,2862.0
Hydro-Electric Pumped Storage,-753.0
Other,649.0
All Solar,0.0
Small-Scale Solar Photovoltaic,0.0
All Utility-Scale Solar,2389.0
Utility-Scale Photovoltaic,2298.0
Utility-Scale Thermal,91.0
All Fuels (Utility-Scale),330859.0
Coal,114572.0
Petroleum Liquids,1047.0
Petroleum Coke,882.0
Natural Gas,86947.0
Other Gases,350.0
Nuclear,73121.0
Conventional Hydroelectric,26479.0
Other Renewables,27271.0
Wind,20780.0
All Utility-Scale Solar,2298.0
Utility-Scale Photovoltaic,2208.0
Utility-Scale Thermal,90.0
Geothermal,1407.0
Biomass,2785.0
Hydro-Electric Pumped Storage,-435.0
Other,626.0
All Solar,0.0
Small-Scale Solar Photovoltaic,0.0
All Utility-Scale Solar,2298.0
Utility-Scale Photovoltaic,2208.0
Utility-Scale Thermal,90.0
All Fuels (Utility-Scale),278904.0
Coal,86158.0
Petroleum Liquids,825.0
Petroleum Coke,662.0
Natural Gas,75088.0
Other Gases,309.0
Nuclear,63560.0
Conventional Hydroelectric,23746.0
Other Renewables,28513.0
Wind,22072.0
All Utility-Scale Solar,2717.0
Utility-Scale Photovoltaic,2581.0
Utility-Scale Thermal,136.0
Geothermal,1239.0
Biomass,2485.0
Hydro-Electric Pumped Storage,-508.0
Other,551.0
All Solar,0.0
Small-Scale Solar Photovoltaic,0.0
All Utility-Scale Solar,2717.0
Utility-Scale Photovoltaic,2581.0
Utility-Scale Thermal,136.0
All Fuels (Utility-Scale),306382.0
Coal,88688.0
Petroleum Liquids,909.0
Petroleum Coke,616.0
Natural Gas,86902.0
Other Gases,358.0
Nuclear,65093.0
Conventional Hydroelectric,29460.0
Other Renewables,34311.0
Wind,25705.0
All Utility-Scale Solar,4464.0
Utility-Scale Photovoltaic,4168.0
Utility-Scale Thermal,297.0
Geothermal,1387.0
Biomass,2754.0
Hydro-Electric Pumped Storage,-521.0
Other,564.0
All Solar,0.0
Small-Scale Solar Photovoltaic,0.0
All Utility-Scale Solar,4464.0
Utility-Scale Photovoltaic,4168.0
Utility-Scale Thermal,297.0
All Fuels (Utility-Scale),282899.0
Coal,80743.0
Petroleum Liquids,819.0
Petroleum Coke,373.0
Natural Gas,80597.0
Other Gases,300.0
Nuclear,56743.0
Conventional Hydroelectric,29235.0
Other Renewables,33975.0
Wind,25355.0
All Utility-Scale Solar,4853.0
Utility-Scale Photovoltaic,4543.0
Utility-Scale Thermal,310.0
Geothermal,1341.0
Biomass,2426.0
Hydro-Electric Pumped Storage,-439.0
Other,552.0
All Solar,0.0
Small-Scale Solar Photovoltaic,0.0
All Utility-Scale Solar,4853.0
Utility-Scale Photovoltaic,4543.0
Utility-Scale Thermal,310.0
All Fuels (Utility-Scale),310703.0
Coal,92141.0
Petroleum Liquids,929.0
Petroleum Coke,790.0
Natural Gas,89993.0
Other Gases,351.0
Nuclear,61313.0
Conventional Hydroelectric,32421.0
Other Renewables,32597.0
Wind,23047.0
All Utility-Scale Solar,5725.0
Utility-Scale Photovoltaic,5323.0
Utility-Scale Thermal,402.0
Geothermal,1302.0
Biomass,2524.0
Hydro-Electric Pumped Storage,-423.0
Other,590.0
All Solar,0.0
Small-Scale Solar Photovoltaic,0.0
All Utility-Scale Solar,5725.0
Utility-Scale Photovoltaic,5323.0
Utility-Scale Thermal,402.0
All Fuels (Utility-Scale),345241.0
Coal,106825.0
Petroleum Liquids,953.0
Petroleum Coke,830.0
Natural Gas,108779.0
Other Gases,324.0
Nuclear,67011.0
Conventional Hydroelectric,30422.0
Other Renewables,30069.0
Wind,20124.0
All Utility-Scale Solar,6052.0
Utility-Scale Photovoltaic,5587.0
Utility-Scale Thermal,465.0
Geothermal,1284.0
Biomass,2609.0
Hydro-Electric Pumped Storage,-568.0
Other,594.0
All Solar,0.0
Small-Scale Solar Photovoltaic,0.0
All Utility-Scale Solar,6052.0
Utility-Scale Photovoltaic,5587.0
Utility-Scale Thermal,465.0
All Fuels (Utility-Scale),390294.0
Coal,127019.0
Petroleum Liquids,879.0
Petroleum Coke,811.0
Natural Gas,137826.0
Other Gases,369.0
Nuclear,71314.0
Conventional Hydroelectric,26460.0
Other Renewables,25753.0
Wind,16108.0
All Utility-Scale Solar,5509.0
Utility-Scale Photovoltaic,5198.0
Utility-Scale Thermal,311.0
Geothermal,1373.0
Biomass,2763.0
Hydro-Electric Pumped Storage,-759.0
Other,622.0
All Solar,0.0
Small-Scale Solar Photovoltaic,0.0
All Utility-Scale Solar,5509.0
Utility-Scale Photovoltaic,5198.0
Utility-Scale Thermal,311.0
All Fuels (Utility-Scale),370794.0
Coal,118810.0
Petroleum Liquids,928.0
Petroleum Coke,681.0
Natural Gas,132376.0
Other Gases,359.0
Nuclear,72384.0
Conventional Hydroelectric,21924.0
Other Renewables,23338.0
Wind,13869.0
All Utility-Scale Solar,5311.0
Utility-Scale Photovoltaic,4970.0
Utility-Scale Thermal,341.0
Geothermal,1363.0
Biomass,2795.0
Hydro-Electric Pumped Storage,-638.0
Other,634.0
All Solar,0.0
Small-Scale Solar Photovoltaic,0.0
All Utility-Scale Solar,5311.0
Utility-Scale Photovoltaic,4970.0
Utility-Scale Thermal,341.0
All Fuels (Utility-Scale),323472.0
Coal,97560.0
Petroleum Liquids,890.0
Petroleum Coke,659.0
Natural Gas,110156.0
Other Gases,345.0
Nuclear,68098.0
Conventional Hydroelectric,19063.0
Other Renewables,26750.0
Wind,17896.0
All Utility-Scale Solar,5007.0
Utility-Scale Photovoltaic,4657.0
Utility-Scale Thermal,349.0
Geothermal,1332.0
Biomass,2516.0
Hydro-Electric Pumped Storage,-606.0
Other,556.0
All Solar,0.0
Small-Scale Solar Photovoltaic,0.0
All Utility-Scale Solar,5007.0
Utility-Scale Photovoltaic,4657.0
Utility-Scale Thermal,349.0
All Fuels (Utility-Scale),306085.0
Coal,89114.0
Petroleum Liquids,929.0
Petroleum Coke,515.0
Natural Gas,98800.0
Other Gases,327.0
Nuclear,65995.0
Conventional Hydroelectric,17606.0
Other Renewables,32696.0
Wind,24346.0
All Utility-Scale Solar,4606.0
Utility-Scale Photovoltaic,4292.0
Utility-Scale Thermal,314.0
Geothermal,1214.0
Biomass,2530.0
Hydro-Electric Pumped Storage,-463.0
Other,566.0
All Solar,0.0
Small-Scale Solar Photovoltaic,0.0
All Utility-Scale Solar,4606.0
Utility-Scale Photovoltaic,4292.0
Utility-Scale Thermal,314.0
All Fuels (Utility-Scale),295315.0
Coal,90347.0
Petroleum Liquids,860.0
Petroleum Coke,694.0
Natural Gas,86834.0
Other Gases,352.0
Nuclear,66618.0
Conventional Hydroelectric,19758.0
Other Renewables,29741.0
Wind,22592.0
All Utility-Scale Solar,3174.0
Utility-Scale Photovoltaic,3043.0
Utility-Scale Thermal,131.0
Geothermal,1305.0
Biomass,2670.0
Hydro-Electric Pumped Storage,-478.0
Other,588.0
All Solar,0.0
Small-Scale Solar Photovoltaic,0.0
All Utility-Scale Solar,3174.0
Utility-Scale Photovoltaic,3043.0
Utility-Scale Thermal,131.0
All Fuels (Utility-Scale),336505.0
Coal,105860.0
Petroleum Liquids,1880.0
Petroleum Coke,678.0
Natural Gas,102455.0
Other Gases,383.0
Nuclear,73700.0
Conventional Hydroelectric,22136.0
Other Renewables,29434.0
Wind,22179.0
All Utility-Scale Solar,3006.0
Utility-Scale Photovoltaic,2884.0
Utility-Scale Thermal,123.0
Geothermal,1381.0
Biomass,2868.0
Hydro-Electric Pumped Storage,-656.0
Other,636.0
All Solar,0.0
Small-Scale Solar Photovoltaic,0.0
All Utility-Scale Solar,3006.0
Utility-Scale Photovoltaic,2884.0
Utility-Scale Thermal,123.0
All Fuels (Utility-Scale),359449.0
Coal,118557.0
Petroleum Liquids,5442.0
Petroleum Coke,906.0
Natural Gas,101469.0
Other Gases,344.0
Nuclear,74649.0
Conventional Hydroelectric,24962.0
Other Renewables,33052.0
Wind,25570.0
All Utility-Scale Solar,3288.0
Utility-Scale Photovoltaic,3160.0
Utility-Scale Thermal,128.0
Geothermal,1341.0
Biomass,2852.0
Hydro-Electric Pumped Storage,-547.0
Other,615.0
All Solar,0.0
Small-Scale Solar Photovoltaic,0.0
All Utility-Scale Solar,3288.0
Utility-Scale Photovoltaic,3160.0
Utility-Scale Thermal,128.0
All Fuels (Utility-Scale),294633.0
Coal,81399.0
Petroleum Liquids,750.0
Petroleum Coke,701.0
Natural Gas,90702.0
Other Gases,337.0
Nuclear,64790.0
Conventional Hydroelectric,24794.0
Other Renewables,30894.0
Wind,23165.0
All Utility-Scale Solar,3863.0
Utility-Scale Photovoltaic,3672.0
Utility-Scale Thermal,191.0
Geothermal,1274.0
Biomass,2593.0
Hydro-Electric Pumped Storage,-315.0
Other,582.0
All Solar,0.0
Small-Scale Solar Photovoltaic,0.0
All Utility-Scale Solar,3863.0
Utility-Scale Photovoltaic,3672.0
Utility-Scale Thermal,191.0
All Fuels (Utility-Scale),308747.0
Coal,79983.0
Petroleum Liquids,781.0
Petroleum Coke,587.0
Natural Gas,98597.0
Other Gases,348.0
Nuclear,67033.0
Conventional Hydroelectric,25752.0
Other Renewables,35545.0
Wind,26435.0
All Utility-Scale Solar,5009.0
Utility-Scale Photovoltaic,4752.0
Utility-Scale Thermal,258.0
Geothermal,1367.0
Biomass,2734.0
Hydro-Electric Pumped Storage,-490.0
Other,612.0
All Solar,0.0
Small-Scale Solar Photovoltaic,0.0
All Utility-Scale Solar,5009.0
Utility-Scale Photovoltaic,4752.0
Utility-Scale Thermal,258.0
All Fuels (Utility-Scale),288509.0
Coal,72787.0
Petroleum Liquids,832.0
Petroleum Coke,615.0
Natural Gas,90614.0
Other Gases,354.0
Nuclear,59133.0
Conventional Hydroelectric,27990.0
Other Renewables,35995.0
Wind,26406.0
All Utility-Scale Solar,6002.0
Utility-Scale Photovoltaic,5688.0
Utility-Scale Thermal,314.0
Geothermal,1188.0
Biomass,2398.0
Hydro-Electric Pumped Storage,-377.0
Other,566.0
All Solar,0.0
Small-Scale Solar Photovoltaic,0.0
All Utility-Scale Solar,6002.0
Utility-Scale Photovoltaic,5688.0
Utility-Scale Thermal,314.0
All Fuels (Utility-Scale),325905.0
Coal,84634.0
Petroleum Liquids,993.0
Petroleum Coke,460.0
Natural Gas,107014.0
Other Gases,389.0
Nuclear,67320.0
Conventional Hydroelectric,30319.0
Other Renewables,34595.0
Wind,23932.0
All Utility-Scale Solar,6788.0
Utility-Scale Photovoltaic,6358.0
Utility-Scale Thermal,430.0
Geothermal,1383.0
Biomass,2493.0
Hydro-Electric Pumped Storage,-390.0
Other,571.0
All Solar,0.0
Small-Scale Solar Photovoltaic,0.0
All Utility-Scale Solar,6788.0
Utility-Scale Photovoltaic,6358.0
Utility-Scale Thermal,430.0
All Fuels (Utility-Scale),358523.0
Coal,100894.0
Petroleum Liquids,1025.0
Petroleum Coke,770.0
Natural Gas,122172.0
Other Gases,316.0
Nuclear,69688.0
Conventional Hydroelectric,27502.0
Other Renewables,35959.0
Wind,24683.0
All Utility-Scale Solar,7347.0
Utility-Scale Photovoltaic,6831.0
Utility-Scale Thermal,517.0
Geothermal,1300.0
Biomass,2628.0
Hydro-Electric Pumped Storage,-433.0
Other,632.0
All Solar,0.0
Small-Scale Solar Photovoltaic,0.0
All Utility-Scale Solar,7347.0
Utility-Scale Photovoltaic,6831.0
Utility-Scale Thermal,517.0
All Fuels (Utility-Scale),396854.0
Coal,114749.0
Petroleum Liquids,928.0
Petroleum Coke,855.0
Natural Gas,155264.0
Other Gases,359.0
Nuclear,72456.0
Conventional Hydroelectric,25003.0
Other Renewables,27244.0
Wind,16432.0
All Utility-Scale Solar,6691.0
Utility-Scale Photovoltaic,6311.0
Utility-Scale Thermal,380.0
Geothermal,1370.0
Biomass,2751.0
Hydro-Electric Pumped Storage,-644.0
Other,640.0
All Solar,0.0
Small-Scale Solar Photovoltaic,0.0
All Utility-Scale Solar,6691.0
Utility-Scale Photovoltaic,6311.0
Utility-Scale Thermal,380.0
All Fuels (Utility-Scale),393497.0
Coal,114516.0
Petroleum Liquids,1004.0
Petroleum Coke,825.0
Natural Gas,152150.0
Other Gases,392.0
Nuclear,72282.0
Conventional Hydroelectric,21908.0
Other Renewables,30531.0
Wind,19830.0
All Utility-Scale Solar,6634.0
Utility-Scale Photovoltaic,6224.0
Utility-Scale Thermal,409.0
Geothermal,1367.0
Biomass,2700.0
Hydro-Electric Pumped Storage,-747.0
Other,635.0
All Solar,0.0
Small-Scale Solar Photovoltaic,0.0
All Utility-Scale Solar,6634.0
Utility-Scale Photovoltaic,6224.0
Utility-Scale Thermal,409.0
All Fuels (Utility-Scale),342917.0
Coal,95962.0
Petroleum Liquids,1014.0
Petroleum Coke,748.0
Natural Gas,132992.0
Other Gases,332.0
Nuclear,64725.0
Conventional Hydroelectric,19060.0
Other Renewables,28126.0
Wind,18502.0
All Utility-Scale Solar,5911.0
Utility-Scale Photovoltaic,5481.0
Utility-Scale Thermal,430.0
Geothermal,1328.0
Biomass,2385.0
Hydro-Electric Pumped Storage,-603.0
Other,562.0
All Solar,0.0
Small-Scale Solar Photovoltaic,0.0
All Utility-Scale Solar,5911.0
Utility-Scale Photovoltaic,5481.0
Utility-Scale Thermal,430.0
All Fuels (Utility-Scale),311750.0
Coal,86736.0
Petroleum Liquids,969.0
Petroleum Coke,504.0
Natural Gas,114533.0
Other Gases,254.0
Nuclear,59397.0
Conventional Hydroelectric,19426.0
Other Renewables,29823.0
Wind,21170.0
All Utility-Scale Solar,4926.0
Utility-Scale Photovoltaic,4652.0
Utility-Scale Thermal,275.0
Geothermal,1273.0
Biomass,2454.0
Hydro-Electric Pumped Storage,-492.0
Other,600.0
All Solar,0.0
Small-Scale Solar Photovoltaic,0.0
All Utility-Scale Solar,4926.0
Utility-Scale Photovoltaic,4652.0
Utility-Scale Thermal,275.0
All Fuels (Utility-Scale),309062.0
Coal,92258.0
Petroleum Liquids,948.0
Petroleum Coke,617.0
Natural Gas,99419.0
Other Gases,311.0
Nuclear,63954.0
Conventional Hydroelectric,21781.0
Other Renewables,29516.0
Wind,21991.0
All Utility-Scale Solar,3711.0
Utility-Scale Photovoltaic,3543.0
Utility-Scale Thermal,168.0
Geothermal,1331.0
Biomass,2484.0
Hydro-Electric Pumped Storage,-343.0
Other,601.0
All Solar,0.0
Small-Scale Solar Photovoltaic,0.0
All Utility-Scale Solar,3711.0
Utility-Scale Photovoltaic,3543.0
Utility-Scale Thermal,168.0
All Fuels (Utility-Scale),328320.0
Coal,99698.0
Petroleum Liquids,911.0
Petroleum Coke,745.0
Natural Gas,100896.0
Other Gases,349.0
Nuclear,71657.0
Conventional Hydroelectric,22651.0
Other Renewables,31312.0
Wind,24282.0
All Utility-Scale Solar,3083.0
Utility-Scale Photovoltaic,2991.0
Utility-Scale Thermal,92.0
Geothermal,1413.0
Biomass,2535.0
Hydro-Electric Pumped Storage,-522.0
Other,623.0
All Solar,0.0
Small-Scale Solar Photovoltaic,0.0
All Utility-Scale Solar,3083.0
Utility-Scale Photovoltaic,2991.0
Utility-Scale Thermal,92.0
All Fuels (Utility-Scale),345324.0
Coal,100294.0
Petroleum Liquids,1346.0
Petroleum Coke,758.0
Natural Gas,112144.0
Other Gases,360.0
Nuclear,73701.0
Conventional Hydroelectric,24658.0
Other Renewables,31719.0
Wind,24273.0
All Utility-Scale Solar,3546.0
Utility-Scale Photovoltaic,3436.0
Utility-Scale Thermal,111.0
Geothermal,1348.0
Biomass,2552.0
Hydro-Electric Pumped Storage,-323.0
Other,666.0
All Solar,0.0
Small-Scale Solar Photovoltaic,0.0
All Utility-Scale Solar,3546.0
Utility-Scale Photovoltaic,3436.0
Utility-Scale Thermal,111.0
All Fuels (Utility-Scale),302635.0
Coal,79382.0
Petroleum Liquids,765.0
Petroleum Coke,655.0
Natural Gas,103949.0
Other Gases,351.0
Nuclear,64715.0
Conventional Hydroelectric,22772.0
Other Renewables,29861.0
Wind,22598.0
All Utility-Scale Solar,3798.0
Utility-Scale Photovoltaic,3666.0
Utility-Scale Thermal,131.0
Geothermal,1252.0
Biomass,2213.0
Hydro-Electric Pumped Storage,-389.0
Other,575.0
All Solar,0.0
Small-Scale Solar Photovoltaic,0.0
All Utility-Scale Solar,3798.0
Utility-Scale Photovoltaic,3666.0
Utility-Scale Thermal,131.0
All Fuels (Utility-Scale),313385.0
Coal,77819.0
Petroleum Liquids,772.0
Petroleum Coke,536.0
Natural Gas,107124.0
Other Gases,383.0
Nuclear,65080.0
Conventional Hydroelectric,26208.0
Other Renewables,35269.0
Wind,25746.0
All Utility-Scale Solar,5841.0
Utility-Scale Photovoltaic,5581.0
Utility-Scale Thermal,260.0
Geothermal,1378.0
Biomass,2303.0
Hydro-Electric Pumped Storage,-409.0
Other,604.0
All Solar,0.0
Small-Scale Solar Photovoltaic,0.0
All Utility-Scale Solar,5841.0
Utility-Scale Photovoltaic,5581.0
Utility-Scale Thermal,260.0
All Fuels (Utility-Scale),284309.0
Coal,59426.0
Petroleum Liquids,735.0
Petroleum Coke,355.0
Natural Gas,95861.0
Other Gases,329.0
Nuclear,60581.0
Conventional Hydroelectric,27695.0
Other Renewables,38851.0
Wind,28888.0
All Utility-Scale Solar,6690.0
Utility-Scale Photovoltaic,6365.0
Utility-Scale Thermal,325.0
Geothermal,1227.0
Biomass,2046.0
Hydro-Electric Pumped Storage,-103.0
Other,581.0
All Solar,0.0
Small-Scale Solar Photovoltaic,0.0
All Utility-Scale Solar,6690.0
Utility-Scale Photovoltaic,6365.0
Utility-Scale Thermal,325.0
All Fuels (Utility-Scale),317498.0
Coal,71388.0
Petroleum Liquids,900.0
Petroleum Coke,697.0
Natural Gas,108445.0
Other Gases,324.0
Nuclear,67124.0
Conventional Hydroelectric,31857.0
Other Renewables,36468.0
Wind,25757.0
All Utility-Scale Solar,7095.0
Utility-Scale Photovoltaic,6759.0
Utility-Scale Thermal,336.0
Geothermal,1304.0
Biomass,2311.0
Hydro-Electric Pumped Storage,-368.0
Other,664.0
All Solar,0.0
Small-Scale Solar Photovoltaic,0.0
All Utility-Scale Solar,7095.0
Utility-Scale Photovoltaic,6759.0
Utility-Scale Thermal,336.0
All Fuels (Utility-Scale),339709.0
Coal,78043.0
Petroleum Liquids,919.0
Petroleum Coke,516.0
Natural Gas,128930.0
Other Gases,329.0
Nuclear,68805.0
Conventional Hydroelectric,27965.0
Other Renewables,33940.0
Wind,22426.0
All Utility-Scale Solar,7898.0
Utility-Scale Photovoltaic,7459.0
Utility-Scale Thermal,439.0
Geothermal,1294.0
Biomass,2321.0
Hydro-Electric Pumped Storage,-385.0
Other,649.0
All Solar,0.0
Small-Scale Solar Photovoltaic,0.0
All Utility-Scale Solar,7898.0
Utility-Scale Photovoltaic,7459.0
Utility-Scale Thermal,439.0
All Fuels (Utility-Scale),395547.0
Coal,100225.0
Petroleum Liquids,967.0
Petroleum Coke,685.0
Natural Gas,162249.0
Other Gases,372.0
Nuclear,72199.0
Conventional Hydroelectric,24788.0
Other Renewables,34013.0
Wind,22084.0
All Utility-Scale Solar,8053.0
Utility-Scale Photovoltaic,7653.0
Utility-Scale Thermal,400.0
Geothermal,1342.0
Biomass,2534.0
Hydro-Electric Pumped Storage,-622.0
Other,671.0
All Solar,0.0
Small-Scale Solar Photovoltaic,0.0
All Utility-Scale Solar,8053.0
Utility-Scale Photovoltaic,7653.0
Utility-Scale Thermal,400.0
All Fuels (Utility-Scale),386904.0
Coal,93517.0
Petroleum Liquids,1002.0
Petroleum Coke,634.0
Natural Gas,165140.0
Other Gases,377.0
Nuclear,71911.0
Conventional Hydroelectric,22504.0
Other Renewables,31694.0
Wind,19964.0
All Utility-Scale Solar,7803.0
Utility-Scale Photovoltaic,7390.0
Utility-Scale Thermal,413.0
Geothermal,1362.0
Biomass,2565.0
Hydro-Electric Pumped Storage,-579.0
Other,704.0
All Solar,0.0
Small-Scale Solar Photovoltaic,0.0
All Utility-Scale Solar,7803.0
Utility-Scale Photovoltaic,7390.0
Utility-Scale Thermal,413.0
All Fuels (Utility-Scale),346894.0
Coal,85216.0
Petroleum Liquids,880.0
Petroleum Coke,537.0
Natural Gas,140483.0
Other Gases,342.0
Nuclear,66064.0
Conventional Hydroelectric,18461.0
Other Renewables,34934.0
Wind,24494.0
All Utility-Scale Solar,6754.0
Utility-Scale Photovoltaic,6460.0
Utility-Scale Thermal,294.0
Geothermal,1338.0
Biomass,2348.0
Hydro-Electric Pumped Storage,-671.0
Other,649.0
All Solar,0.0
Small-Scale Solar Photovoltaic,0.0
All Utility-Scale Solar,6754.0
Utility-Scale Photovoltaic,6460.0
Utility-Scale Thermal,294.0
All Fuels (Utility-Scale),306999.0
Coal,66311.0
Petroleum Liquids,901.0
Petroleum Coke,156.0
Natural Gas,121934.0
Other Gases,189.0
Nuclear,62033.0
Conventional Hydroelectric,18232.0
Other Renewables,36975.0
Wind,27599.0
All Utility-Scale Solar,6040.0
Utility-Scale Photovoltaic,5742.0
Utility-Scale Thermal,298.0
Geothermal,1103.0
Biomass,2233.0
Hydro-Electric Pumped Storage,-373.0
Other,641.0
All Solar,0.0
Small-Scale Solar Photovoltaic,0.0
All Utility-Scale Solar,6040.0
Utility-Scale Photovoltaic,5742.0
Utility-Scale Thermal,298.0
All Fuels (Utility-Scale),302253.0
Coal,75046.0
Petroleum Liquids,853.0
Petroleum Coke,292.0
Natural Gas,108683.0
Other Gases,326.0
Nuclear,64125.0
Conventional Hydroelectric,20139.0
Other Renewables,32669.0
Wind,25160.0
All Utility-Scale Solar,4323.0
Utility-Scale Photovoltaic,4182.0
Utility-Scale Thermal,141.0
Geothermal,941.0
Biomass,2245.0
Hydro-Electric Pumped Storage,-509.0
Other,628.0
All Solar,0.0
Small-Scale Solar Photovoltaic,0.0
All Utility-Scale Solar,4323.0
Utility-Scale Photovoltaic,4182.0
Utility-Scale Thermal,141.0
All Fuels (Utility-Scale),324174.0
Coal,72065.0
Petroleum Liquids,943.0
Petroleum Coke,417.0
Natural Gas,122198.0
Other Gases,354.0
Nuclear,73074.0
Conventional Hydroelectric,21374.0
Other Renewables,33620.0
Wind,26616.0
All Utility-Scale Solar,3423.0
Utility-Scale Photovoltaic,3353.0
Utility-Scale Thermal,70.0
Geothermal,1140.0
Biomass,2440.0
Hydro-Electric Pumped Storage,-529.0
Other,658.0
All Solar,0.0
Small-Scale Solar Photovoltaic,0.0
All Utility-Scale Solar,3423.0
Utility-Scale Photovoltaic,3353.0
Utility-Scale Thermal,70.0
All Fuels (Utility-Scale),326217.0
Coal,64548.0
Petroleum Liquids,908.0
Petroleum Coke,606.0
Natural Gas,123298.0
Other Gases,354.0
Nuclear,74170.0
Conventional Hydroelectric,25222.0
Other Renewables,36840.0
Wind,28520.0
All Utility-Scale Solar,4615.0
Utility-Scale Photovoltaic,4500.0
Utility-Scale Thermal,116.0
Geothermal,1229.0
Biomass,2475.0
Hydro-Electric Pumped Storage,-377.0
Other,649.0
All Solar,0.0
Small-Scale Solar Photovoltaic,0.0
All Utility-Scale Solar,4615.0
Utility-Scale Photovoltaic,4500.0
Utility-Scale Thermal,116.0
All Fuels (Utility-Scale),304885.0
Coal,55590.0
Petroleum Liquids,719.0
Petroleum Coke,459.0
Natural Gas,116654.0
Other Gases,370.0
Nuclear,65950.0
Conventional Hydroelectric,26260.0
Other Renewables,38546.0
Wind,29368.0
All Utility-Scale Solar,5657.0
Utility-Scale Photovoltaic,5478.0
Utility-Scale Thermal,179.0
Geothermal,1233.0
Biomass,2288.0
Hydro-Electric Pumped Storage,-247.0
Other,584.0
All Solar,0.0
Small-Scale Solar Photovoltaic,0.0
All Utility-Scale Solar,5657.0
Utility-Scale Photovoltaic,5478.0
Utility-Scale Thermal,179.0
All Fuels (Utility-Scale),294084.0
Coal,50145.0
Petroleum Liquids,671.0
Petroleum Coke,635.0
Natural Gas,114766.0
Other Gases,288.0
Nuclear,63997.0
Conventional Hydroelectric,23483.0
Other Renewables,39791.0
Wind,29496.0
All Utility-Scale Solar,6436.0
Utility-Scale Photovoltaic,6243.0
Utility-Scale Thermal,193.0
Geothermal,1473.0
Biomass,2386.0
Hydro-Electric Pumped Storage,-353.0
Other,662.0
All Solar,0.0
Small-Scale Solar Photovoltaic,0.0
All Utility-Scale Solar,6436.0
Utility-Scale Photovoltaic,6243.0
Utility-Scale Thermal,193.0
All Fuels (Utility-Scale),264054.0
Coal,40189.0
Petroleum Liquids,597.0
Petroleum Coke,560.0
Natural Gas,100048.0
Other Gases,150.0
Nuclear,59170.0
Conventional Hydroelectric,22002.0
Other Renewables,41036.0
Wind,29386.0
All Utility-Scale Solar,8052.0
Utility-Scale Photovoltaic,7746.0
Utility-Scale Thermal,306.0
Geothermal,1410.0
Biomass,2187.0
Hydro-Electric Pumped Storage,-325.0
Other,629.0
All Solar,0.0
Small-Scale Solar Photovoltaic,0.0
All Utility-Scale Solar,8052.0
Utility-Scale Photovoltaic,7746.0
Utility-Scale Thermal,306.0
All Fuels (Utility-Scale),291979.0
Coal,46094.0
Petroleum Liquids,664.0
Petroleum Coke,546.0
Natural Gas,107853.0
Other Gases,161.0
Nuclear,64338.0
Conventional Hydroelectric,30367.0
Other Renewables,41698.0
Wind,28282.0
All Utility-Scale Solar,9679.0
Utility-Scale Photovoltaic,9266.0
Utility-Scale Thermal,413.0
Geothermal,1411.0
Biomass,2326.0
Hydro-Electric Pumped Storage,-367.0
Other,626.0
All Solar,0.0
Small-Scale Solar Photovoltaic,0.0
All Utility-Scale Solar,9679.0
Utility-Scale Photovoltaic,9266.0
Utility-Scale Thermal,413.0
All Fuels (Utility-Scale),340019.0
Coal,64920.0
Petroleum Liquids,819.0
Petroleum Coke,757.0
Natural Gas,134669.0
Other Gases,133.0
Nuclear,67205.0
Conventional Hydroelectric,28950.0
Other Renewables,42492.0
Wind,29446.0
All Utility-Scale Solar,9555.0
Utility-Scale Photovoltaic,9184.0
Utility-Scale Thermal,371.0
Geothermal,1338.0
Biomass,2154.0
Hydro-Electric Pumped Storage,-499.0
Other,572.0
All Solar,0.0
Small-Scale Solar Photovoltaic,0.0
All Utility-Scale Solar,9555.0
Utility-Scale Photovoltaic,9184.0
Utility-Scale Thermal,371.0
All Fuels (Utility-Scale),400737.0
Coal,89368.0
Petroleum Liquids,916.0
Petroleum Coke,775.0
Natural Gas,176293.0
Other Gases,162.0
Nuclear,69385.0
Conventional Hydroelectric,27571.0
Other Renewables,36307.0
Wind,22186.0
All Utility-Scale Solar,10386.0
Utility-Scale Photovoltaic,9956.0
Utility-Scale Thermal,430.0
Geothermal,1404.0
Biomass,2331.0
Hydro-Electric Pumped Storage,-686.0
Other,646.0
All Solar,0.0
Small-Scale Solar Photovoltaic,0.0
All Utility-Scale Solar,10386.0
Utility-Scale Photovoltaic,9956.0
Utility-Scale Thermal,430.0
All Fuels (Utility-Scale),386013.0
Coal,90814.0
Petroleum Liquids,883.0
Petroleum Coke,725.0
Natural Gas,164758.0
Other Gases,303.0
Nuclear,68982.0
Conventional Hydroelectric,23985.0
Other Renewables,35692.0
Wind,22341.0
All Utility-Scale Solar,9428.0
Utility-Scale Photovoltaic,9071.0
Utility-Scale Thermal,356.0
Geothermal,1400.0
Biomass,2524.0
Hydro-Electric Pumped Storage,-784.0
Other,653.0
All Solar,0.0
Small-Scale Solar Photovoltaic,0.0
All Utility-Scale Solar,9428.0
Utility-Scale Photovoltaic,9071.0
Utility-Scale Thermal,356.0
All Fuels (Utility-Scale),321755.0
Coal,67978.0
Petroleum Liquids,758.0
Petroleum Coke,412.0
Natural Gas,133123.0
Other Gases,297.0
Nuclear,65727.0
Conventional Hydroelectric,19076.0
Other Renewables,34314.0
Wind,22977.0
All Utility-Scale Solar,7824.0
Utility-Scale Photovoltaic,7554.0
Utility-Scale Thermal,270.0
Geothermal,1359.0
Biomass,2154.0
Hydro-Electric Pumped Storage,-525.0
Other,595.0
All Solar,0.0
Small-Scale Solar Photovoltaic,0.0
All Utility-Scale Solar,7824.0
Utility-Scale Photovoltaic,7554.0
Utility-Scale Thermal,270.0
All Fuels (Utility-Scale),301722.0
Coal,59440.0
Petroleum Liquids,861.0
Petroleum Coke,278.0
Natural Gas,123640.0
Other Gases,238.0
Nuclear,59362.0
Conventional Hydroelectric,18237.0
Other Renewables,39494.0
Wind,28770.0
All Utility-Scale Solar,7284.0
Utility-Scale Photovoltaic,7025.0
Utility-Scale Thermal,259.0
Geothermal,1341.0
Biomass,2099.0
Hydro-Electric Pumped Storage,-423.0
Other,594.0
All Solar,0.0
Small-Scale Solar Photovoltaic,0.0
All Utility-Scale Solar,7284.0
Utility-Scale Photovoltaic,7025.0
Utility-Scale Thermal,259.0
All Fuels (Utility-Scale),290110.0
Coal,60896.0
Petroleum Liquids,761.0
Petroleum Coke,589.0
Natural Gas,100783.0
Other Gases,306.0
Nuclear,61760.0
Conventional Hydroelectric,21736.0
Other Renewables,43050.0
Wind,33582.0
All Utility-Scale Solar,5845.0
Utility-Scale Photovoltaic,5681.0
Utility-Scale Thermal,164.0
Geothermal,1448.0
Biomass,2175.0
Hydro-Electric Pumped Storage,-369.0
Other,598.0
All Solar,0.0
Small-Scale Solar Photovoltaic,0.0
All Utility-Scale Solar,5845.0
Utility-Scale Photovoltaic,5681.0
Utility-Scale Thermal,164.0
All Fuels (Utility-Scale),331059.0
Coal,78215.0
Petroleum Liquids,868.0
Petroleum Coke,689.0
Natural Gas,116315.0
Other Gases,337.0
Nuclear,69871.0
Conventional Hydroelectric,22981.0
Other Renewables,41486.0
Wind,32329.0
All Utility-Scale Solar,5338.0
Utility-Scale Photovoltaic,5246.0
Utility-Scale Thermal,92.0
Geothermal,1434.0
Biomass,2385.0
Hydro-Electric Pumped Storage,-368.0
Other,665.0
All Solar,0.0
Small-Scale Solar Photovoltaic,0.0
All Utility-Scale Solar,5338.0
Utility-Scale Photovoltaic,5246.0
Utility-Scale Thermal,92.0
